{
  "best_model": "xgb",
  "best_threshold": 0.45000000000000007,
  "metrics_valid": {
    "roc_auc": 0.837320778113617,
    "pr_auc": 0.6481305716379956,
    "f1": 0.6234309623430963,
    "precision_at_t": 0.5120274914089347,
    "recall_at_t": 0.7967914438502673
  },
  "confusion_matrix": {
    "TP": 298,
    "FP": 284,
    "FN": 76,
    "TN": 751
  },
  "random_state": 42
}